pair,carry_pa,net_carry_pa,vol,carry_vol,synthetic_iv,carry_synthetic_iv,spx_beta,spx_beta_se,oil_beta,us2y_beta_per_bp,r2,spx_beta_63,spx_beta_252,carry_variance,unconstrained,factor,factor_macro,factor_dm
BRL/CHF,0.12000117689384082,0.11360117689384082,0.10099582147595329,1.1881796210986078,0.16278370905216905,0.7371817339251237,0.2671528111355925,0.06076871576488535,0.025496058656281954,7.803970953240702e-05,0.09676658876744593,0.13551719082605201,0.35561844361797673,0.0,0.0,0.0,0.0,0.0
MXN/CHF,0.06872709492708642,0.06232709492708642,0.06524039336033444,1.0534439077872249,0.07636642893482079,0.8999647605068114,0.17840773291919274,0.050353778945327214,-0.0011894920507847784,0.00012566510040246115,0.11402150429394697,0.13322218547159478,0.26468980664686825,0.0,0.0,0.0,0.0,0.0
BRL/EUR,0.09338398067196899,0.08698398067196898,0.09213144904260376,1.0135950497075763,0.1594094881666765,0.5858119346969354,0.2497462678666966,0.06298253803851639,0.012687477359968434,-6.58314225979173e-06,0.11258551010737017,0.1281475627183109,0.32888655593664035,599224.1142799633,1252855.9341410804,1252855.9341410662,1252855.9341410662,0.0
BRL/SEK,0.100492183430219,0.094092183430219,0.10010531728365005,1.0038645913830206,0.15761438137973705,0.6375825768595651,0.07160800638232823,0.07090817645939577,0.024669716890414712,7.053158531171444e-05,0.03023451909767172,-0.05320475270654123,0.1648493580523403,0.0,261214.82158019766,261214.82158021347,261214.82158021347,0.0
BRL/CAD,0.09640550996784829,0.09000550996784829,0.10138883150199106,0.9508494036244524,0.16777476127796737,0.5746127083329579,0.3248167216000136,0.06936351257542352,0.009637482632217625,-9.495599272457689e-05,0.18599469420771275,0.16407260508571328,0.3473519882127665,179501.06295940667,122690.32617454101,122690.32617453823,122690.32617453823,0.0
BRL/JPY,0.10781904133812613,0.10141904133812613,0.11904425245297419,0.9057055600455609,0.1761869561825894,0.6119581362560635,0.24955354238906008,0.09579173575252171,0.027069084468667067,1.2967272939840013e-05,0.06979193414655471,0.02948490285955078,0.37243089409322744,0.0,0.0,0.0,0.0,0.0
MXN/EUR,0.0421098987052146,0.0357098987052146,0.0484203447055794,0.8696736663331177,0.06409503907796302,0.6569915442908703,0.16100118965029686,0.03132499054715333,-0.013998073347098353,4.1042248610290155e-05,0.2649090863956002,0.12585255736385356,0.23795791896553173,950633.7461165469,0.0,0.0,0.0,0.0
MXN/SEK,0.04921810146346461,0.042818101463464604,0.06135176571451321,0.8022279536743913,0.07603254679169745,0.6473293811702108,-0.017137071834071586,0.042882576086128214,-0.0020158338166520427,0.00011815697618178245,0.025485669821081802,-0.05549975806099854,0.07392072108123172,0.0,0.0,0.0,0.0,0.0
MXN/CAD,0.0451314280010939,0.038731428001093894,0.06453235824030877,0.6993612077995238,0.07636817791658183,0.5909716485627255,0.23607164338361375,0.04318376971331712,-0.017048068074849165,-4.733060185452276e-05,0.3564658237963422,0.161777599731256,0.2564233512416578,0.0,0.0,0.0,0.0,0.0
GBP/CHF,0.03971471389994826,0.03691471389994826,0.06111024635596719,0.6498863327863227,0.058286966771741666,0.6813652536676948,0.01851737673972498,0.030768854189219826,0.0020187782188557314,0.00010626954691317012,0.02949295737234514,0.01713134331913655,0.07216991088871048,1462479.9950144202,2293137.0208458803,2293137.020845863,2293137.020845863,2500000.0
MXN/JPY,0.05654495937137174,0.050144959371371735,0.08822701143197054,0.6409030347239182,0.10032545004267106,0.5636153074551041,0.16080846417266026,0.0777762414773751,0.0003835337616002229,6.059266380989414e-05,0.05997096181419259,0.027189897505093527,0.28150225712211885,0.0,0.0,0.0,0.0,0.0
AUD/CHF,0.04547807310039986,0.042678073100399866,0.07361332093269796,0.617796786290607,0.07107551203191467,0.6398557224600658,0.21321550828753788,0.03745259082607518,0.013186027483356899,4.267624996279196e-05,0.1760357129497716,0.22816203886979472,0.3079855108100633,0.0,0.0,0.0,0.0,0.0
NOK/CHF,0.0450454178842666,0.0422454178842666,0.07485154045892413,0.6017968048230875,0.08513356453067117,0.5291146697850063,0.0840417120464249,0.04961570209648071,0.06206728442214387,6.701111972748364e-05,0.2656195134265096,0.052007938661460244,0.16989469739458438,126021.4727230577,1206862.9791541293,1206862.9791541356,1206862.9791541356,1000000.0000000114
HUF/CHF,0.05383451270693619,0.04743451270693619,0.09334570694705402,0.5767218918538085,0.0917615102431809,0.5866785819486533,0.2908137622070018,0.07554088714411653,-0.015620066137461459,-0.00022536248270527137,0.3434649773764703,0.22104039907482848,0.28984151219779425,0.0,0.0,0.0,0.0,0.0
NZD/CHF,0.02999463983357948,0.02719463983357948,0.06229691657704377,0.48147872289127736,0.07091201606387117,0.4229838819779571,0.1734149284606038,0.03777492861793291,-0.0020025962254559327,2.1110918174388482e-05,0.13953814735060988,0.19162779776734537,0.23967782921631822,487103.12049849465,0.0,0.0,0.0,0.0
USD/CHF,0.040823801953086006,0.03802380195308601,0.0851007567770922,0.47971138564628063,0.069,0.5916493036679131,-0.11691294180403193,0.03378929633016974,0.004449987075794875,0.00034551202231479505,0.31014716890239646,-0.09286986624055607,-0.06770359735062491,0.0,0.0,0.0,0.0,0.0
AUD/SEK,0.02596907963677804,0.02316907963677804,0.05992948348643369,0.433327272754765,0.07142195199147361,0.3636008105726128,0.017670703534273465,0.04509337089885091,0.012359685717489641,3.516812574212019e-05,0.023709748963689825,0.03944009533720142,0.11721642524442667,989682.4965285107,961830.1141922167,961830.1141922028,961830.1141922028,1694690.167363697
GBP/EUR,0.013097517678076431,0.010297517678076431,0.03057549667241895,0.42836647327110233,0.04559868455606957,0.28723455085576677,0.0011108334708291024,0.022012181520823855,-0.010789803077457836,2.164669512101907e-05,0.04751489927245256,0.00976171521139537,0.04543802320737393,0.0,0.0,0.0,0.0,0.0
HUF/SEK,0.03432551924331437,0.027925519243314368,0.08319906247651787,0.41257098603728154,0.08939075253734867,0.38399407398402535,0.09526895745373731,0.05570863225348798,-0.016446407903328738,-0.00023287060692595007,0.1629289288513086,0.03231845554223515,0.0990724266321577,270641.0766440831,363238.9181041883,363238.9181041832,363238.9181041832,0.0
AUD/JPY,0.03329593754468517,0.03049593754468517,0.08274153442106646,0.4024089929882644,0.09298928528798792,0.3580620868476149,0.1956162395410054,0.07430867129198991,0.014759053295741942,-2.2396186629747294e-05,0.10332403201387252,0.12212975090329345,0.32479796128531374,285089.79189584905,752485.3640388254,752485.3640388394,752485.3640388394,1305309.8326363158
AUD/EUR,0.018860876878528034,0.016060876878528033,0.04950396056168097,0.38099733161809846,0.061972109601234,0.3043445995285672,0.19580896501864192,0.04560993729976481,0.0003774461870433508,-4.194660182935128e-05,0.3128135770645317,0.22079241076205353,0.2812536231287268,0.0,0.0,0.0,0.0,0.0
AUD/CAD,0.02188240617440733,0.01908240617440733,0.05912183426341703,0.37012393893109574,0.0681673403390968,0.32101012105729554,0.2708794187519588,0.03666658929830116,-0.0026725485407074583,-0.00013031945229419195,0.4652119234034632,0.25671745312945604,0.299719055404853,0.0,0.0,0.0,0.0,0.0
HUF/JPY,0.0416523771512215,0.035252377151221495,0.11528445951618019,0.36130088414367406,0.1161156187905649,0.3587146809797306,0.2732144934604691,0.10167494094488715,-0.014047040325076457,-0.0002904349192978106,0.24276353969767384,0.11500811110832701,0.30665396267304507,0.0,0.0,0.0,0.0,0.0
NOK/JPY,0.03286328232855191,0.030063282328551908,0.09454301036288158,0.3476013954116096,0.10957199150539017,0.2999241126956725,0.06644244329989253,0.0828578165030031,0.06364031023452893,1.9386831349582634e-06,0.16693942200239698,-0.05402434930504103,0.18670714786983508,623332.717743267,293365.5077510364,293365.50775102136,293365.50775102136,549385.4564488746
GBP/SEK,0.020205720436326437,0.017405720436326436,0.058450689895548705,0.345688313900726,0.06622420818037916,0.3051107894154175,-0.1770274280135394,0.03650428336752691,0.0011924364529884881,9.876142269249488e-05,0.2773071708215944,-0.17159060021345673,-0.11859917467692606,0.0,0.0,0.0,0.0,0.0
GBP/CAD,0.016119046973955727,0.013319046973955726,0.04729709789547281,0.3408041442538193,0.05584058643165236,0.2886618498121449,0.07618128720414602,0.026596437880851614,-0.013839797805208606,-6.672615534383808e-05,0.1494497981833306,0.04568675757879778,0.06390345548350014,0.0,0.0,0.0,0.0,500000.0000000071
USD/CAD,0.017228135027093472,0.014428135027093471,0.0505990419678063,0.34048342334336873,0.046375,0.37149617309096433,-0.059249031339610854,0.028577982002151153,-0.011408588948269462,0.0001725163200578042,0.16264386610978143,-0.06431445198089478,-0.0759700527558352,875719.5611139603,2492319.0140179293,2492319.014017925,2492319.014017925,1102465.1503460333
NOK/SEK,0.025536424420644778,0.022736424420644778,0.07595610493328438,0.3361997622584064,0.08754179048812247,0.29170553033307584,-0.11150309270683949,0.05102877485731318,0.06124094265627663,5.950299550681881e-05,0.4471806885543378,-0.13671400487113305,-0.02087438817105214,0.0,0.0,0.0,0.0,0.0
NOK/CAD,0.021449750958274068,0.018649750958274067,0.06640575251041927,0.3230104342979704,0.07539109214585836,0.28451306842425705,0.1417056225108459,0.04699900818787224,0.04620870839807952,-0.00010598458252950027,0.15787688409895384,0.08056335292112153,0.16162824198937406,186940.62612146526,0.0,0.0,0.0,1348149.3932050772
GBP/JPY,0.027532578344233567,0.024732578344233567,0.08553902373617688,0.32187155220698715,0.08825637685848026,0.3119613485650137,0.0009181079931924954,0.0660920244750641,0.003591804031240754,4.119711032062132e-05,0.0044305830017198344,-0.08890094464736478,0.08898236136396101,0.0,0.0,0.0,0.0,0.0
USD/EUR,0.014206605731214177,0.011406605731214176,0.04704044559643465,0.302008315420612,0.05345,0.26579243650541023,-0.1343194850729278,0.03494733776188262,-0.008358594220518687,0.00026088917052263794,0.33729577956175927,-0.10023949434829725,-0.09443548503196139,0.0,0.0,0.0,0.0,0.0
USD/JPY,0.028641666397371313,0.025841666397371312,0.09943115125353204,0.2880552627248585,0.0935,0.30632798285958623,-0.13451221055056434,0.0587795388993506,0.006023012888179889,0.0002804395857222419,0.20955132913769503,-0.19890215420705726,-0.05089114687537433,0.0,0.0,0.0,0.0,0.0
HUF/EUR,0.027217316485064362,0.020817316485064363,0.09624496305957173,0.2827921131645918,0.08894164172607796,0.30601320098057244,0.273407218938106,0.06447175348302163,-0.028428647433775007,-0.00030998533449744237,0.4342101173254088,0.21367077096708723,0.26310962451645775,0.0,0.0,0.0,0.0,0.0
NOK/EUR,0.018428221662394773,0.015628221662394772,0.06640498535757774,0.2775126229327879,0.07669946116039089,0.24026533411829845,0.06663516877752901,0.05421148497564046,0.049258703125830326,-1.7611732064645724e-05,0.18880919634117221,0.04463831055371906,0.1431628097132479,0.0,0.0,0.0,0.0,0.0
HUF/CAD,0.030238845780943657,0.023838845780943658,0.11358690537380656,0.2662177095276056,0.10245913906057597,0.2951307814822241,0.3484776726714227,0.06981989381726048,-0.03147864216152579,-0.0003983581849622553,0.4510213885282174,0.24959581333448955,0.2815750567925838,0.0,0.0,0.0,0.0,0.0
USD/SEK,0.021314808489464182,0.01851480848946418,0.0860564667860851,0.24768398338322994,0.08529999999999999,0.2498805215646446,-0.3124577465572962,0.0518510151743347,0.003623645309927624,0.00033800389809413023,0.42721438778096577,-0.2815918097731493,-0.2584726829162614,0.0,0.0,0.0,0.0,0.0
NZD/SEK,0.010485646369957656,0.007685646369957656,0.055824452829742244,0.18783249702308047,0.07236084138355783,0.14490774525930614,-0.022129876292660527,0.041526394216647264,-0.0028289379913232077,1.360279395370631e-05,0.003241015745533038,0.0029058542347522084,0.048908743650681735,0.0,0.0,0.0,0.0,0.0
NZD/JPY,0.017812504277864787,0.015012504277864786,0.09733535752249457,0.1830013751554593,0.09702260972121406,0.18359127144742296,0.15581565971407135,0.07315243279535388,-0.0004295704130709039,-4.3961518418178525e-05,0.07753471355297459,0.08559550980084422,0.2564902796915689,0.0,0.0,0.0,0.0,0.0
NZD/CAD,0.006398972907586946,0.0035989729075869455,0.0712613773464017,0.08979580729237839,0.07434969974360603,0.08606588768554171,0.23107883892502473,0.03997009498972731,-0.017861172249520264,-0.00015188478408265094,0.3524746225900113,0.22018321202700677,0.231411373811108,0.0,0.0,0.0,0.0,0.0
